observation_date,NFCILEVERAGE
1971-01-08,-1.024
1971-01-15,-1.042
1971-01-22,-1.058
1971-01-29,-1.073
1971-02-05,-1.085
1971-02-12,-1.094
1971-02-19,-1.099
1971-02-26,-1.101
1971-03-05,-1.098
1971-03-12,-1.09
1971-03-19,-1.077
1971-03-26,-1.06
1971-04-02,-1.037
1971-04-09,-1.01
1971-04-16,-0.979
1971-04-23,-0.943
1971-04-30,-0.905
1971-05-07,-0.864
1971-05-14,-0.821
1971-05-21,-0.777
1971-05-28,-0.732
1971-06-04,-0.686
1971-06-11,-0.641
1971-06-18,-0.596
1971-06-25,-0.552
1971-07-02,-0.51
1971-07-09,-0.469
1971-07-16,-0.431
1971-07-23,-0.395
1971-07-30,-0.362
1971-08-06,-0.333
1971-08-13,-0.308
1971-08-20,-0.286
1971-08-27,-0.269
1971-09-03,-0.256
1971-09-10,-0.247
1971-09-17,-0.243
1971-09-24,-0.245
1971-10-01,-0.251
1971-10-08,-0.261
1971-10-15,-0.277
1971-10-22,-0.298
1971-10-29,-0.323
1971-11-05,-0.351
1971-11-12,-0.383
1971-11-19,-0.418
1971-11-26,-0.454
1971-12-03,-0.491
1971-12-10,-0.528
1971-12-17,-0.563
1971-12-24,-0.596
1971-12-31,-0.626
1972-01-07,-0.652
1972-01-14,-0.674
1972-01-21,-0.691
1972-01-28,-0.704
1972-02-04,-0.711
1972-02-11,-0.712
1972-02-18,-0.708
1972-02-25,-0.698
1972-03-03,-0.684
1972-03-10,-0.663
1972-03-17,-0.638
1972-03-24,-0.609
1972-03-31,-0.575
1972-04-07,-0.537
1972-04-14,-0.497
1972-04-21,-0.454
1972-04-28,-0.409
1972-05-05,-0.362
1972-05-12,-0.314
1972-05-19,-0.266
1972-05-26,-0.218
1972-06-02,-0.17
1972-06-09,-0.123
1972-06-16,-0.076
1972-06-23,-0.03
1972-06-30,0.015
1972-07-07,0.059
1972-07-14,0.102
1972-07-21,0.143
1972-07-28,0.184
1972-08-04,0.224
1972-08-11,0.263
1972-08-18,0.301
1972-08-25,0.338
1972-09-01,0.375
1972-09-08,0.412
1972-09-15,0.448
1972-09-22,0.485
1972-09-29,0.522
1972-10-06,0.56
1972-10-13,0.598
1972-10-20,0.638
1972-10-27,0.68
1972-11-03,0.724
1972-11-10,0.771
1972-11-17,0.821
1972-11-24,0.874
1972-12-01,0.931
1972-12-08,0.991
1972-12-15,1.056
1972-12-22,1.124
1972-12-29,1.196
1973-01-05,1.271
1973-01-12,1.349
1973-01-19,1.43
1973-01-26,1.512
1973-02-02,1.595
1973-02-09,1.679
1973-02-16,1.763
1973-02-23,1.845
1973-03-02,1.925
1973-03-09,2.004
1973-03-16,2.079
1973-03-23,2.151
1973-03-30,2.22
1973-04-06,2.284
1973-04-13,2.344
1973-04-20,2.399
1973-04-27,2.449
1973-05-04,2.493
1973-05-11,2.532
1973-05-18,2.564
1973-05-25,2.592
1973-06-01,2.613
1973-06-08,2.63
1973-06-15,2.642
1973-06-22,2.65
1973-06-29,2.656
1973-07-06,2.658
1973-07-13,2.659
1973-07-20,2.659
1973-07-27,2.658
1973-08-03,2.656
1973-08-10,2.655
1973-08-17,2.654
1973-08-24,2.653
1973-08-31,2.654
1973-09-07,2.655
1973-09-14,2.658
1973-09-21,2.663
1973-09-28,2.67
1973-10-05,2.679
1973-10-12,2.69
1973-10-19,2.702
1973-10-26,2.717
1973-11-02,2.732
1973-11-09,2.748
1973-11-16,2.765
1973-11-23,2.781
1973-11-30,2.797
1973-12-07,2.813
1973-12-14,2.827
1973-12-21,2.842
1973-12-28,2.855
1974-01-04,2.869
1974-01-11,2.882
1974-01-18,2.896
1974-01-25,2.911
1974-02-01,2.927
1974-02-08,2.943
1974-02-15,2.96
1974-02-22,2.978
1974-03-01,2.997
1974-03-08,3.016
1974-03-15,3.036
1974-03-22,3.055
1974-03-29,3.075
1974-04-05,3.093
1974-04-12,3.111
1974-04-19,3.128
1974-04-26,3.143
1974-05-03,3.157
1974-05-10,3.169
1974-05-17,3.179
1974-05-24,3.188
1974-05-31,3.194
1974-06-07,3.198
1974-06-14,3.2
1974-06-21,3.199
1974-06-28,3.195
1974-07-05,3.187
1974-07-12,3.176
1974-07-19,3.16
1974-07-26,3.138
1974-08-02,3.111
1974-08-09,3.078
1974-08-16,3.038
1974-08-23,2.992
1974-08-30,2.939
1974-09-06,2.88
1974-09-13,2.815
1974-09-20,2.744
1974-09-27,2.668
1974-10-04,2.587
1974-10-11,2.503
1974-10-18,2.416
1974-10-25,2.326
1974-11-01,2.235
1974-11-08,2.141
1974-11-15,2.046
1974-11-22,1.95
1974-11-29,1.851
1974-12-06,1.751
1974-12-13,1.649
1974-12-20,1.545
1974-12-27,1.44
1975-01-03,1.333
1975-01-10,1.224
1975-01-17,1.115
1975-01-24,1.006
1975-01-31,0.896
1975-02-07,0.787
1975-02-14,0.677
1975-02-21,0.569
1975-02-28,0.46
1975-03-07,0.353
1975-03-14,0.247
1975-03-21,0.142
1975-03-28,0.039
1975-04-04,-0.061
1975-04-11,-0.158
1975-04-18,-0.251
1975-04-25,-0.34
1975-05-02,-0.424
1975-05-09,-0.503
1975-05-16,-0.577
1975-05-23,-0.646
1975-05-30,-0.708
1975-06-06,-0.765
1975-06-13,-0.816
1975-06-20,-0.861
1975-06-27,-0.901
1975-07-04,-0.935
1975-07-11,-0.965
1975-07-18,-0.991
1975-07-25,-1.012
1975-08-01,-1.031
1975-08-08,-1.047
1975-08-15,-1.062
1975-08-22,-1.075
1975-08-29,-1.089
1975-09-05,-1.102
1975-09-12,-1.116
1975-09-19,-1.13
1975-09-26,-1.146
1975-10-03,-1.163
1975-10-10,-1.182
1975-10-17,-1.202
1975-10-24,-1.225
1975-10-31,-1.248
1975-11-07,-1.274
1975-11-14,-1.3
1975-11-21,-1.329
1975-11-28,-1.358
1975-12-05,-1.388
1975-12-12,-1.419
1975-12-19,-1.45
1975-12-26,-1.481
1976-01-02,-1.511
1976-01-09,-1.54
1976-01-16,-1.567
1976-01-23,-1.592
1976-01-30,-1.614
1976-02-06,-1.632
1976-02-13,-1.646
1976-02-20,-1.657
1976-02-27,-1.663
1976-03-05,-1.665
1976-03-12,-1.663
1976-03-19,-1.657
1976-03-26,-1.648
1976-04-02,-1.635
1976-04-09,-1.619
1976-04-16,-1.601
1976-04-23,-1.58
1976-04-30,-1.557
1976-05-07,-1.533
1976-05-14,-1.507
1976-05-21,-1.48
1976-05-28,-1.451
1976-06-04,-1.423
1976-06-11,-1.393
1976-06-18,-1.363
1976-06-25,-1.333
1976-07-02,-1.303
1976-07-09,-1.274
1976-07-16,-1.246
1976-07-23,-1.22
1976-07-30,-1.196
1976-08-06,-1.174
1976-08-13,-1.155
1976-08-20,-1.14
1976-08-27,-1.129
1976-09-03,-1.121
1976-09-10,-1.117
1976-09-17,-1.117
1976-09-24,-1.12
1976-10-01,-1.127
1976-10-08,-1.138
1976-10-15,-1.15
1976-10-22,-1.166
1976-10-29,-1.182
1976-11-05,-1.2
1976-11-12,-1.219
1976-11-19,-1.237
1976-11-26,-1.255
1976-12-03,-1.272
1976-12-10,-1.287
1976-12-17,-1.3
1976-12-24,-1.311
1976-12-31,-1.319
1977-01-07,-1.324
1977-01-14,-1.327
1977-01-21,-1.328
1977-01-28,-1.327
1977-02-04,-1.325
1977-02-11,-1.322
1977-02-18,-1.318
1977-02-25,-1.315
1977-03-04,-1.312
1977-03-11,-1.309
1977-03-18,-1.307
1977-03-25,-1.305
1977-04-01,-1.302
1977-04-08,-1.3
1977-04-15,-1.297
1977-04-22,-1.292
1977-04-29,-1.286
1977-05-06,-1.278
1977-05-13,-1.267
1977-05-20,-1.254
1977-05-27,-1.238
1977-06-03,-1.22
1977-06-10,-1.199
1977-06-17,-1.176
1977-06-24,-1.151
1977-07-01,-1.123
1977-07-08,-1.094
1977-07-15,-1.063
1977-07-22,-1.031
1977-07-29,-0.999
1977-08-05,-0.967
1977-08-12,-0.935
1977-08-19,-0.904
1977-08-26,-0.874
1977-09-02,-0.845
1977-09-09,-0.817
1977-09-16,-0.792
1977-09-23,-0.768
1977-09-30,-0.746
1977-10-07,-0.725
1977-10-14,-0.707
1977-10-21,-0.691
1977-10-28,-0.676
1977-11-04,-0.663
1977-11-11,-0.652
1977-11-18,-0.642
1977-11-25,-0.634
1977-12-02,-0.626
1977-12-09,-0.62
1977-12-16,-0.616
1977-12-23,-0.613
1977-12-30,-0.612
1978-01-06,-0.612
1978-01-13,-0.616
1978-01-20,-0.621
1978-01-27,-0.63
1978-02-03,-0.642
1978-02-10,-0.657
1978-02-17,-0.674
1978-02-24,-0.695
1978-03-03,-0.718
1978-03-10,-0.742
1978-03-17,-0.768
1978-03-24,-0.795
1978-03-31,-0.821
1978-04-07,-0.845
1978-04-14,-0.868
1978-04-21,-0.887
1978-04-28,-0.903
1978-05-05,-0.914
1978-05-12,-0.92
1978-05-19,-0.921
1978-05-26,-0.916
1978-06-02,-0.906
1978-06-09,-0.891
1978-06-16,-0.87
1978-06-23,-0.844
1978-06-30,-0.812
1978-07-07,-0.776
1978-07-14,-0.735
1978-07-21,-0.69
1978-07-28,-0.642
1978-08-04,-0.59
1978-08-11,-0.535
1978-08-18,-0.477
1978-08-25,-0.416
1978-09-01,-0.353
1978-09-08,-0.288
1978-09-15,-0.222
1978-09-22,-0.155
1978-09-29,-0.088
1978-10-06,-0.023
1978-10-13,0.041
1978-10-20,0.101
1978-10-27,0.158
1978-11-03,0.211
1978-11-10,0.26
1978-11-17,0.304
1978-11-24,0.342
1978-12-01,0.376
1978-12-08,0.404
1978-12-15,0.429
1978-12-22,0.448
1978-12-29,0.464
1979-01-05,0.475
1979-01-12,0.483
1979-01-19,0.487
1979-01-26,0.487
1979-02-02,0.483
1979-02-09,0.477
1979-02-16,0.469
1979-02-23,0.458
1979-03-02,0.447
1979-03-09,0.435
1979-03-16,0.423
1979-03-23,0.412
1979-03-30,0.402
1979-04-06,0.394
1979-04-13,0.386
1979-04-20,0.381
1979-04-27,0.376
1979-05-04,0.373
1979-05-11,0.371
1979-05-18,0.37
1979-05-25,0.369
1979-06-01,0.368
1979-06-08,0.367
1979-06-15,0.367
1979-06-22,0.367
1979-06-29,0.368
1979-07-06,0.37
1979-07-13,0.373
1979-07-20,0.376
1979-07-27,0.381
1979-08-03,0.388
1979-08-10,0.395
1979-08-17,0.404
1979-08-24,0.414
1979-08-31,0.424
1979-09-07,0.435
1979-09-14,0.447
1979-09-21,0.458
1979-09-28,0.468
1979-10-05,0.478
1979-10-12,0.486
1979-10-19,0.494
1979-10-26,0.501
1979-11-02,0.507
1979-11-09,0.511
1979-11-16,0.514
1979-11-23,0.517
1979-11-30,0.52
1979-12-07,0.524
1979-12-14,0.53
1979-12-21,0.54
1979-12-28,0.555
1980-01-04,0.575
1980-01-11,0.604
1980-01-18,0.641
1980-01-25,0.688
1980-02-01,0.746
1980-02-08,0.813
1980-02-15,0.89
1980-02-22,0.975
1980-02-29,1.066
1980-03-07,1.159
1980-03-14,1.251
1980-03-21,1.338
1980-03-28,1.415
1980-04-04,1.479
1980-04-11,1.525
1980-04-18,1.552
1980-04-25,1.556
1980-05-02,1.537
1980-05-09,1.495
1980-05-16,1.43
1980-05-23,1.345
1980-05-30,1.242
1980-06-06,1.124
1980-06-13,0.993
1980-06-20,0.854
1980-06-27,0.708
1980-07-04,0.561
1980-07-11,0.414
1980-07-18,0.27
1980-07-25,0.134
1980-08-01,0.005
1980-08-08,-0.112
1980-08-15,-0.216
1980-08-22,-0.308
1980-08-29,-0.385
1980-09-05,-0.448
1980-09-12,-0.498
1980-09-19,-0.533
1980-09-26,-0.556
1980-10-03,-0.566
1980-10-10,-0.564
1980-10-17,-0.55
1980-10-24,-0.526
1980-10-31,-0.491
1980-11-07,-0.446
1980-11-14,-0.392
1980-11-21,-0.331
1980-11-28,-0.263
1980-12-05,-0.191
1980-12-12,-0.118
1980-12-19,-0.044
1980-12-26,0.028
1981-01-02,0.096
1981-01-09,0.159
1981-01-16,0.217
1981-01-23,0.268
1981-01-30,0.315
1981-02-06,0.355
1981-02-13,0.392
1981-02-20,0.424
1981-02-27,0.454
1981-03-06,0.482
1981-03-13,0.509
1981-03-20,0.536
1981-03-27,0.565
1981-04-03,0.596
1981-04-10,0.631
1981-04-17,0.67
1981-04-24,0.713
1981-05-01,0.76
1981-05-08,0.812
1981-05-15,0.867
1981-05-22,0.926
1981-05-29,0.987
1981-06-05,1.049
1981-06-12,1.113
1981-06-19,1.178
1981-06-26,1.244
1981-07-03,1.312
1981-07-10,1.382
1981-07-17,1.453
1981-07-24,1.526
1981-07-31,1.6
1981-08-07,1.675
1981-08-14,1.75
1981-08-21,1.823
1981-08-28,1.895
1981-09-04,1.963
1981-09-11,2.028
1981-09-18,2.088
1981-09-25,2.143
1981-10-02,2.192
1981-10-09,2.236
1981-10-16,2.273
1981-10-23,2.304
1981-10-30,2.329
1981-11-06,2.347
1981-11-13,2.36
1981-11-20,2.367
1981-11-27,2.37
1981-12-04,2.37
1981-12-11,2.369
1981-12-18,2.368
1981-12-25,2.368
1982-01-01,2.37
1982-01-08,2.374
1982-01-15,2.379
1982-01-22,2.385
1982-01-29,2.391
1982-02-05,2.396
1982-02-12,2.399
1982-02-19,2.398
1982-02-26,2.395
1982-03-05,2.387
1982-03-12,2.376
1982-03-19,2.362
1982-03-26,2.346
1982-04-02,2.328
1982-04-09,2.31
1982-04-16,2.291
1982-04-23,2.272
1982-04-30,2.254
1982-05-07,2.236
1982-05-14,2.219
1982-05-21,2.202
1982-05-28,2.184
1982-06-04,2.166
1982-06-11,2.147
1982-06-18,2.127
1982-06-25,2.104
1982-07-02,2.078
1982-07-09,2.047
1982-07-16,2.011
1982-07-23,1.968
1982-07-30,1.918
1982-08-06,1.861
1982-08-13,1.796
1982-08-20,1.724
1982-08-27,1.646
1982-09-03,1.561
1982-09-10,1.471
1982-09-17,1.377
1982-09-24,1.278
1982-10-01,1.176
1982-10-08,1.072
1982-10-15,0.966
1982-10-22,0.86
1982-10-29,0.754
1982-11-05,0.649
1982-11-12,0.546
1982-11-19,0.446
1982-11-26,0.349
1982-12-03,0.256
1982-12-10,0.167
1982-12-17,0.081
1982-12-24,-0.001
1982-12-31,-0.082
1983-01-07,-0.16
1983-01-14,-0.238
1983-01-21,-0.314
1983-01-28,-0.391
1983-02-04,-0.467
1983-02-11,-0.544
1983-02-18,-0.621
1983-02-25,-0.697
1983-03-04,-0.772
1983-03-11,-0.847
1983-03-18,-0.92
1983-03-25,-0.99
1983-04-01,-1.058
1983-04-08,-1.121
1983-04-15,-1.18
1983-04-22,-1.234
1983-04-29,-1.282
1983-05-06,-1.323
1983-05-13,-1.356
1983-05-20,-1.382
1983-05-27,-1.399
1983-06-03,-1.409
1983-06-10,-1.41
1983-06-17,-1.404
1983-06-24,-1.391
1983-07-01,-1.371
1983-07-08,-1.347
1983-07-15,-1.32
1983-07-22,-1.29
1983-07-29,-1.259
1983-08-05,-1.228
1983-08-12,-1.198
1983-08-19,-1.17
1983-08-26,-1.143
1983-09-02,-1.119
1983-09-09,-1.097
1983-09-16,-1.077
1983-09-23,-1.058
1983-09-30,-1.04
1983-10-07,-1.024
1983-10-14,-1.007
1983-10-21,-0.991
1983-10-28,-0.973
1983-11-04,-0.954
1983-11-11,-0.933
1983-11-18,-0.91
1983-11-25,-0.885
1983-12-02,-0.857
1983-12-09,-0.826
1983-12-16,-0.794
1983-12-23,-0.76
1983-12-30,-0.725
1984-01-06,-0.69
1984-01-13,-0.656
1984-01-20,-0.623
1984-01-27,-0.593
1984-02-03,-0.566
1984-02-10,-0.541
1984-02-17,-0.52
1984-02-24,-0.503
1984-03-02,-0.488
1984-03-09,-0.475
1984-03-16,-0.465
1984-03-23,-0.455
1984-03-30,-0.447
1984-04-06,-0.44
1984-04-13,-0.432
1984-04-20,-0.424
1984-04-27,-0.415
1984-05-04,-0.406
1984-05-11,-0.394
1984-05-18,-0.381
1984-05-25,-0.366
1984-06-01,-0.348
1984-06-08,-0.328
1984-06-15,-0.305
1984-06-22,-0.279
1984-06-29,-0.251
1984-07-06,-0.221
1984-07-13,-0.188
1984-07-20,-0.154
1984-07-27,-0.119
1984-08-03,-0.083
1984-08-10,-0.047
1984-08-17,-0.01
1984-08-24,0.027
1984-08-31,0.063
1984-09-07,0.098
1984-09-14,0.131
1984-09-21,0.161
1984-09-28,0.187
1984-10-05,0.209
1984-10-12,0.225
1984-10-19,0.235
1984-10-26,0.239
1984-11-02,0.237
1984-11-09,0.229
1984-11-16,0.215
1984-11-23,0.197
1984-11-30,0.176
1984-12-07,0.151
1984-12-14,0.125
1984-12-21,0.099
1984-12-28,0.072
1985-01-04,0.047
1985-01-11,0.024
1985-01-18,0.003
1985-01-25,-0.013
1985-02-01,-0.026
1985-02-08,-0.034
1985-02-15,-0.037
1985-02-22,-0.036
1985-03-01,-0.03
1985-03-08,-0.022
1985-03-15,-0.011
1985-03-22,0.001
1985-03-29,0.014
1985-04-05,0.026
1985-04-12,0.036
1985-04-19,0.043
1985-04-26,0.048
1985-05-03,0.051
1985-05-10,0.051
1985-05-17,0.049
1985-05-24,0.046
1985-05-31,0.042
1985-06-07,0.038
1985-06-14,0.033
1985-06-21,0.029
1985-06-28,0.026
1985-07-05,0.022
1985-07-12,0.018
1985-07-19,0.013
1985-07-26,0.007
1985-08-02,-0.001
1985-08-09,-0.012
1985-08-16,-0.025
1985-08-23,-0.042
1985-08-30,-0.062
1985-09-06,-0.086
1985-09-13,-0.112
1985-09-20,-0.141
1985-09-27,-0.171
1985-10-04,-0.203
1985-10-11,-0.234
1985-10-18,-0.264
1985-10-25,-0.293
1985-11-01,-0.319
1985-11-08,-0.343
1985-11-15,-0.363
1985-11-22,-0.381
1985-11-29,-0.395
1985-12-06,-0.406
1985-12-13,-0.413
1985-12-20,-0.418
1985-12-27,-0.419
1986-01-03,-0.418
1986-01-10,-0.415
1986-01-17,-0.409
1986-01-24,-0.402
1986-01-31,-0.394
1986-02-07,-0.384
1986-02-14,-0.374
1986-02-21,-0.363
1986-02-28,-0.353
1986-03-07,-0.344
1986-03-14,-0.336
1986-03-21,-0.329
1986-03-28,-0.322
1986-04-04,-0.316
1986-04-11,-0.311
1986-04-18,-0.305
1986-04-25,-0.297
1986-05-02,-0.287
1986-05-09,-0.273
1986-05-16,-0.256
1986-05-23,-0.235
1986-05-30,-0.21
1986-06-06,-0.18
1986-06-13,-0.147
1986-06-20,-0.11
1986-06-27,-0.072
1986-07-04,-0.031
1986-07-11,0.011
1986-07-18,0.053
1986-07-25,0.096
1986-08-01,0.14
1986-08-08,0.183
1986-08-15,0.227
1986-08-22,0.27
1986-08-29,0.313
1986-09-05,0.356
1986-09-12,0.397
1986-09-19,0.436
1986-09-26,0.474
1986-10-03,0.51
1986-10-10,0.543
1986-10-17,0.573
1986-10-24,0.6
1986-10-31,0.622
1986-11-07,0.64
1986-11-14,0.653
1986-11-21,0.66
1986-11-28,0.66
1986-12-05,0.653
1986-12-12,0.639
1986-12-19,0.618
1986-12-26,0.589
1987-01-02,0.555
1987-01-09,0.515
1987-01-16,0.471
1987-01-23,0.423
1987-01-30,0.375
1987-02-06,0.326
1987-02-13,0.278
1987-02-20,0.231
1987-02-27,0.188
1987-03-06,0.147
1987-03-13,0.109
1987-03-20,0.075
1987-03-27,0.044
1987-04-03,0.016
1987-04-10,-0.009
1987-04-17,-0.032
1987-04-24,-0.052
1987-05-01,-0.07
1987-05-08,-0.087
1987-05-15,-0.101
1987-05-22,-0.114
1987-05-29,-0.124
1987-06-05,-0.132
1987-06-12,-0.136
1987-06-19,-0.135
1987-06-26,-0.128
1987-07-03,-0.114
1987-07-10,-0.09
1987-07-17,-0.056
1987-07-24,-0.011
1987-07-31,0.047
1987-08-07,0.119
1987-08-14,0.204
1987-08-21,0.301
1987-08-28,0.41
1987-09-04,0.527
1987-09-11,0.652
1987-09-18,0.779
1987-09-25,0.905
1987-10-02,1.026
1987-10-09,1.137
1987-10-16,1.234
1987-10-23,1.313
1987-10-30,1.371
1987-11-06,1.406
1987-11-13,1.419
1987-11-20,1.409
1987-11-27,1.379
1987-12-04,1.33
1987-12-11,1.265
1987-12-18,1.187
1987-12-25,1.098
1988-01-01,1.002
1988-01-08,0.902
1988-01-15,0.8
1988-01-22,0.699
1988-01-29,0.601
1988-02-05,0.507
1988-02-12,0.421
1988-02-19,0.342
1988-02-26,0.273
1988-03-04,0.213
1988-03-11,0.163
1988-03-18,0.123
1988-03-25,0.093
1988-04-01,0.071
1988-04-08,0.058
1988-04-15,0.052
1988-04-22,0.051
1988-04-29,0.055
1988-05-06,0.063
1988-05-13,0.073
1988-05-20,0.085
1988-05-27,0.098
1988-06-03,0.111
1988-06-10,0.123
1988-06-17,0.134
1988-06-24,0.144
1988-07-01,0.151
1988-07-08,0.157
1988-07-15,0.159
1988-07-22,0.16
1988-07-29,0.157
1988-08-05,0.152
1988-08-12,0.145
1988-08-19,0.136
1988-08-26,0.126
1988-09-02,0.114
1988-09-09,0.102
1988-09-16,0.089
1988-09-23,0.077
1988-09-30,0.065
1988-10-07,0.055
1988-10-14,0.045
1988-10-21,0.036
1988-10-28,0.029
1988-11-04,0.023
1988-11-11,0.018
1988-11-18,0.015
1988-11-25,0.012
1988-12-02,0.011
1988-12-09,0.011
1988-12-16,0.012
1988-12-23,0.012
1988-12-30,0.013
1989-01-06,0.013
1989-01-13,0.012
1989-01-20,0.01
1989-01-27,0.007
1989-02-03,0.002
1989-02-10,-0.004
1989-02-17,-0.012
1989-02-24,-0.02
1989-03-03,-0.029
1989-03-10,-0.037
1989-03-17,-0.044
1989-03-24,-0.051
1989-03-31,-0.055
1989-04-07,-0.058
1989-04-14,-0.06
1989-04-21,-0.06
1989-04-28,-0.059
1989-05-05,-0.057
1989-05-12,-0.054
1989-05-19,-0.05
1989-05-26,-0.047
1989-06-02,-0.043
1989-06-09,-0.039
1989-06-16,-0.036
1989-06-23,-0.033
1989-06-30,-0.029
1989-07-07,-0.026
1989-07-14,-0.022
1989-07-21,-0.018
1989-07-28,-0.014
1989-08-04,-0.008
1989-08-11,-0.001
1989-08-18,0.008
1989-08-25,0.019
1989-09-01,0.033
1989-09-08,0.049
1989-09-15,0.068
1989-09-22,0.089
1989-09-29,0.113
1989-10-06,0.138
1989-10-13,0.165
1989-10-20,0.192
1989-10-27,0.221
1989-11-03,0.249
1989-11-10,0.278
1989-11-17,0.306
1989-11-24,0.333
1989-12-01,0.358
1989-12-08,0.381
1989-12-15,0.402
1989-12-22,0.419
1989-12-29,0.432
1990-01-05,0.44
1990-01-12,0.443
1990-01-19,0.44
1990-01-26,0.43
1990-02-02,0.414
1990-02-09,0.391
1990-02-16,0.363
1990-02-23,0.33
1990-03-02,0.291
1990-03-09,0.25
1990-03-16,0.206
1990-03-23,0.162
1990-03-30,0.119
1990-04-06,0.078
1990-04-13,0.043
1990-04-20,0.014
1990-04-27,-0.007
1990-05-04,-0.017
1990-05-11,-0.016
1990-05-18,-0.004
1990-05-25,0.02
1990-06-01,0.057
1990-06-08,0.104
1990-06-15,0.161
1990-06-22,0.225
1990-06-29,0.295
1990-07-06,0.369
1990-07-13,0.443
1990-07-20,0.515
1990-07-27,0.583
1990-08-03,0.645
1990-08-10,0.698
1990-08-17,0.741
1990-08-24,0.774
1990-08-31,0.794
1990-09-07,0.804
1990-09-14,0.802
1990-09-21,0.788
1990-09-28,0.765
1990-10-05,0.731
1990-10-12,0.689
1990-10-19,0.64
1990-10-26,0.584
1990-11-02,0.522
1990-11-09,0.456
1990-11-16,0.386
1990-11-23,0.314
1990-11-30,0.24
1990-12-07,0.165
1990-12-14,0.089
1990-12-21,0.014
1990-12-28,-0.059
1991-01-04,-0.131
1991-01-11,-0.201
1991-01-18,-0.267
1991-01-25,-0.328
1991-02-01,-0.385
1991-02-08,-0.437
1991-02-15,-0.482
1991-02-22,-0.521
1991-03-01,-0.553
1991-03-08,-0.578
1991-03-15,-0.597
1991-03-22,-0.61
1991-03-29,-0.617
1991-04-05,-0.619
1991-04-12,-0.618
1991-04-19,-0.613
1991-04-26,-0.605
1991-05-03,-0.595
1991-05-10,-0.583
1991-05-17,-0.569
1991-05-24,-0.555
1991-05-31,-0.539
1991-06-07,-0.523
1991-06-14,-0.506
1991-06-21,-0.488
1991-06-28,-0.471
1991-07-05,-0.453
1991-07-12,-0.435
1991-07-19,-0.418
1991-07-26,-0.4
1991-08-02,-0.384
1991-08-09,-0.368
1991-08-16,-0.352
1991-08-23,-0.338
1991-08-30,-0.326
1991-09-06,-0.315
1991-09-13,-0.307
1991-09-20,-0.301
1991-09-27,-0.298
1991-10-04,-0.296
1991-10-11,-0.298
1991-10-18,-0.301
1991-10-25,-0.307
1991-11-01,-0.314
1991-11-08,-0.324
1991-11-15,-0.336
1991-11-22,-0.35
1991-11-29,-0.367
1991-12-06,-0.387
1991-12-13,-0.409
1991-12-20,-0.434
1991-12-27,-0.46
1992-01-03,-0.486
1992-01-10,-0.512
1992-01-17,-0.537
1992-01-24,-0.56
1992-01-31,-0.58
1992-02-07,-0.598
1992-02-14,-0.611
1992-02-21,-0.622
1992-02-28,-0.629
1992-03-06,-0.634
1992-03-13,-0.636
1992-03-20,-0.637
1992-03-27,-0.637
1992-04-03,-0.639
1992-04-10,-0.642
1992-04-17,-0.647
1992-04-24,-0.656
1992-05-01,-0.668
1992-05-08,-0.684
1992-05-15,-0.701
1992-05-22,-0.721
1992-05-29,-0.741
1992-06-05,-0.761
1992-06-12,-0.779
1992-06-19,-0.795
1992-06-26,-0.807
1992-07-03,-0.814
1992-07-10,-0.814
1992-07-17,-0.809
1992-07-24,-0.797
1992-07-31,-0.781
1992-08-07,-0.763
1992-08-14,-0.743
1992-08-21,-0.725
1992-08-28,-0.71
1992-09-04,-0.7
1992-09-11,-0.697
1992-09-18,-0.702
1992-09-25,-0.713
1992-10-02,-0.73
1992-10-09,-0.751
1992-10-16,-0.776
1992-10-23,-0.803
1992-10-30,-0.83
1992-11-06,-0.858
1992-11-13,-0.885
1992-11-20,-0.913
1992-11-27,-0.94
1992-12-04,-0.969
1992-12-11,-0.998
1992-12-18,-1.029
1992-12-25,-1.061
1993-01-01,-1.094
1993-01-08,-1.128
1993-01-15,-1.162
1993-01-22,-1.195
1993-01-29,-1.227
1993-02-05,-1.257
1993-02-12,-1.284
1993-02-19,-1.307
1993-02-26,-1.327
1993-03-05,-1.342
1993-03-12,-1.351
1993-03-19,-1.351
1993-03-26,-1.343
1993-04-02,-1.325
1993-04-09,-1.298
1993-04-16,-1.263
1993-04-23,-1.22
1993-04-30,-1.176
1993-05-07,-1.132
1993-05-14,-1.094
1993-05-21,-1.065
1993-05-28,-1.048
1993-06-04,-1.044
1993-06-11,-1.053
1993-06-18,-1.074
1993-06-25,-1.105
1993-07-02,-1.141
1993-07-09,-1.179
1993-07-16,-1.217
1993-07-23,-1.25
1993-07-30,-1.278
1993-08-06,-1.299
1993-08-13,-1.312
1993-08-20,-1.316
1993-08-27,-1.31
1993-09-03,-1.295
1993-09-10,-1.27
1993-09-17,-1.234
1993-09-24,-1.186
1993-10-01,-1.127
1993-10-08,-1.058
1993-10-15,-0.981
1993-10-22,-0.899
1993-10-29,-0.816
1993-11-05,-0.736
1993-11-12,-0.662
1993-11-19,-0.596
1993-11-26,-0.54
1993-12-03,-0.494
1993-12-10,-0.458
1993-12-17,-0.429
1993-12-24,-0.405
1993-12-31,-0.385
1994-01-07,-0.367
1994-01-14,-0.35
1994-01-21,-0.332
1994-01-28,-0.315
1994-02-04,-0.298
1994-02-11,-0.283
1994-02-18,-0.272
1994-02-25,-0.265
1994-03-04,-0.265
1994-03-11,-0.271
1994-03-18,-0.284
1994-03-25,-0.303
1994-04-01,-0.327
1994-04-08,-0.355
1994-04-15,-0.386
1994-04-22,-0.416
1994-04-29,-0.446
1994-05-06,-0.474
1994-05-13,-0.5
1994-05-20,-0.522
1994-05-27,-0.539
1994-06-03,-0.552
1994-06-10,-0.56
1994-06-17,-0.563
1994-06-24,-0.56
1994-07-01,-0.553
1994-07-08,-0.54
1994-07-15,-0.522
1994-07-22,-0.499
1994-07-29,-0.471
1994-08-05,-0.437
1994-08-12,-0.398
1994-08-19,-0.353
1994-08-26,-0.304
1994-09-02,-0.249
1994-09-09,-0.192
1994-09-16,-0.133
1994-09-23,-0.073
1994-09-30,-0.015
1994-10-07,0.041
1994-10-14,0.092
1994-10-21,0.138
1994-10-28,0.178
1994-11-04,0.213
1994-11-11,0.241
1994-11-18,0.262
1994-11-25,0.276
1994-12-02,0.282
1994-12-09,0.282
1994-12-16,0.276
1994-12-23,0.263
1994-12-30,0.245
1995-01-06,0.223
1995-01-13,0.198
1995-01-20,0.172
1995-01-27,0.146
1995-02-03,0.121
1995-02-10,0.099
1995-02-17,0.079
1995-02-24,0.062
1995-03-03,0.047
1995-03-10,0.033
1995-03-17,0.019
1995-03-24,0.004
1995-03-31,-0.012
1995-04-07,-0.031
1995-04-14,-0.05
1995-04-21,-0.07
1995-04-28,-0.089
1995-05-05,-0.107
1995-05-12,-0.123
1995-05-19,-0.135
1995-05-26,-0.142
1995-06-02,-0.145
1995-06-09,-0.143
1995-06-16,-0.138
1995-06-23,-0.133
1995-06-30,-0.128
1995-07-07,-0.127
1995-07-14,-0.132
1995-07-21,-0.145
1995-07-28,-0.166
1995-08-04,-0.195
1995-08-11,-0.233
1995-08-18,-0.277
1995-08-25,-0.324
1995-09-01,-0.372
1995-09-08,-0.419
1995-09-15,-0.462
1995-09-22,-0.498
1995-09-29,-0.527
1995-10-06,-0.549
1995-10-13,-0.564
1995-10-20,-0.572
1995-10-27,-0.574
1995-11-03,-0.573
1995-11-10,-0.571
1995-11-17,-0.568
1995-11-24,-0.565
1995-12-01,-0.565
1995-12-08,-0.567
1995-12-15,-0.574
1995-12-22,-0.584
1995-12-29,-0.6
1996-01-05,-0.62
1996-01-12,-0.644
1996-01-19,-0.671
1996-01-26,-0.699
1996-02-02,-0.726
1996-02-09,-0.75
1996-02-16,-0.767
1996-02-23,-0.778
1996-03-01,-0.78
1996-03-08,-0.772
1996-03-15,-0.757
1996-03-22,-0.734
1996-03-29,-0.705
1996-04-05,-0.671
1996-04-12,-0.634
1996-04-19,-0.596
1996-04-26,-0.559
1996-05-03,-0.525
1996-05-10,-0.495
1996-05-17,-0.469
1996-05-24,-0.449
1996-05-31,-0.435
1996-06-07,-0.426
1996-06-14,-0.423
1996-06-21,-0.426
1996-06-28,-0.435
1996-07-05,-0.45
1996-07-12,-0.47
1996-07-19,-0.494
1996-07-26,-0.521
1996-08-02,-0.549
1996-08-09,-0.577
1996-08-16,-0.604
1996-08-23,-0.629
1996-08-30,-0.652
1996-09-06,-0.674
1996-09-13,-0.697
1996-09-20,-0.72
1996-09-27,-0.746
1996-10-04,-0.776
1996-10-11,-0.807
1996-10-18,-0.841
1996-10-25,-0.874
1996-11-01,-0.907
1996-11-08,-0.935
1996-11-15,-0.958
1996-11-22,-0.975
1996-11-29,-0.985
1996-12-06,-0.989
1996-12-13,-0.99
1996-12-20,-0.991
1996-12-27,-0.992
1997-01-03,-0.999
1997-01-10,-1.011
1997-01-17,-1.032
1997-01-24,-1.058
1997-01-31,-1.09
1997-02-07,-1.124
1997-02-14,-1.157
1997-02-21,-1.185
1997-02-28,-1.206
1997-03-07,-1.218
1997-03-14,-1.22
1997-03-21,-1.213
1997-03-28,-1.197
1997-04-04,-1.176
1997-04-11,-1.152
1997-04-18,-1.128
1997-04-25,-1.106
1997-05-02,-1.088
1997-05-09,-1.073
1997-05-16,-1.062
1997-05-23,-1.055
1997-05-30,-1.049
1997-06-06,-1.044
1997-06-13,-1.038
1997-06-20,-1.03
1997-06-27,-1.02
1997-07-04,-1.009
1997-07-11,-0.997
1997-07-18,-0.986
1997-07-25,-0.979
1997-08-01,-0.975
1997-08-08,-0.976
1997-08-15,-0.983
1997-08-22,-0.994
1997-08-29,-1.01
1997-09-05,-1.029
1997-09-12,-1.048
1997-09-19,-1.067
1997-09-26,-1.084
1997-10-03,-1.097
1997-10-10,-1.106
1997-10-17,-1.111
1997-10-24,-1.111
1997-10-31,-1.108
1997-11-07,-1.102
1997-11-14,-1.094
1997-11-21,-1.085
1997-11-28,-1.073
1997-12-05,-1.06
1997-12-12,-1.045
1997-12-19,-1.028
1997-12-26,-1.009
1998-01-02,-0.992
1998-01-09,-0.976
1998-01-16,-0.965
1998-01-23,-0.96
1998-01-30,-0.962
1998-02-06,-0.971
1998-02-13,-0.987
1998-02-20,-1.007
1998-02-27,-1.031
1998-03-06,-1.053
1998-03-13,-1.073
1998-03-20,-1.087
1998-03-27,-1.092
1998-04-03,-1.089
1998-04-10,-1.078
1998-04-17,-1.058
1998-04-24,-1.032
1998-05-01,-1.003
1998-05-08,-0.973
1998-05-15,-0.943
1998-05-22,-0.915
1998-05-29,-0.888
1998-06-05,-0.862
1998-06-12,-0.833
1998-06-19,-0.8
1998-06-26,-0.759
1998-07-03,-0.707
1998-07-10,-0.642
1998-07-17,-0.563
1998-07-24,-0.47
1998-07-31,-0.368
1998-08-07,-0.26
1998-08-14,-0.151
1998-08-21,-0.046
1998-08-28,0.048
1998-09-04,0.128
1998-09-11,0.19
1998-09-18,0.235
1998-09-25,0.264
1998-10-02,0.279
1998-10-09,0.285
1998-10-16,0.286
1998-10-23,0.289
1998-10-30,0.297
1998-11-06,0.314
1998-11-13,0.343
1998-11-20,0.383
1998-11-27,0.433
1998-12-04,0.489
1998-12-11,0.549
1998-12-18,0.607
1998-12-25,0.66
1999-01-01,0.704
1999-01-08,0.735
1999-01-15,0.753
1999-01-22,0.755
1999-01-29,0.741
1999-02-05,0.712
1999-02-12,0.67
1999-02-19,0.617
1999-02-26,0.56
1999-03-05,0.5
1999-03-12,0.442
1999-03-19,0.389
1999-03-26,0.343
1999-04-02,0.307
1999-04-09,0.28
1999-04-16,0.264
1999-04-23,0.259
1999-04-30,0.264
1999-05-07,0.278
1999-05-14,0.299
1999-05-21,0.326
1999-05-28,0.357
1999-06-04,0.39
1999-06-11,0.425
1999-06-18,0.461
1999-06-25,0.499
1999-07-02,0.539
1999-07-09,0.583
1999-07-16,0.63
1999-07-23,0.682
1999-07-30,0.738
1999-08-06,0.796
1999-08-13,0.854
1999-08-20,0.909
1999-08-27,0.958
1999-09-03,0.997
1999-09-10,1.023
1999-09-17,1.033
1999-09-24,1.027
1999-10-01,1.008
1999-10-08,0.979
1999-10-15,0.945
1999-10-22,0.912
1999-10-29,0.888
1999-11-05,0.876
1999-11-12,0.881
1999-11-19,0.902
1999-11-26,0.939
1999-12-03,0.988
1999-12-10,1.045
1999-12-17,1.106
1999-12-24,1.165
1999-12-31,1.219
2000-01-07,1.267
2000-01-14,1.305
2000-01-21,1.335
2000-01-28,1.354
2000-02-04,1.363
2000-02-11,1.361
2000-02-18,1.349
2000-02-25,1.324
2000-03-03,1.289
2000-03-10,1.243
2000-03-17,1.187
2000-03-24,1.124
2000-03-31,1.055
2000-04-07,0.984
2000-04-14,0.91
2000-04-21,0.836
2000-04-28,0.764
2000-05-05,0.694
2000-05-12,0.628
2000-05-19,0.566
2000-05-26,0.509
2000-06-02,0.456
2000-06-09,0.406
2000-06-16,0.355
2000-06-23,0.302
2000-06-30,0.244
2000-07-07,0.177
2000-07-14,0.103
2000-07-21,0.022
2000-07-28,-0.065
2000-08-04,-0.155
2000-08-11,-0.245
2000-08-18,-0.332
2000-08-25,-0.414
2000-09-01,-0.489
2000-09-08,-0.556
2000-09-15,-0.613
2000-09-22,-0.662
2000-09-29,-0.704
2000-10-06,-0.743
2000-10-13,-0.78
2000-10-20,-0.822
2000-10-27,-0.872
2000-11-03,-0.931
2000-11-10,-1.002
2000-11-17,-1.084
2000-11-24,-1.177
2000-12-01,-1.279
2000-12-08,-1.385
2000-12-15,-1.49
2000-12-22,-1.59
2000-12-29,-1.679
2001-01-05,-1.755
2001-01-12,-1.818
2001-01-19,-1.867
2001-01-26,-1.904
2001-02-02,-1.931
2001-02-09,-1.95
2001-02-16,-1.963
2001-02-23,-1.971
2001-03-02,-1.976
2001-03-09,-1.979
2001-03-16,-1.979
2001-03-23,-1.976
2001-03-30,-1.972
2001-04-06,-1.966
2001-04-13,-1.958
2001-04-20,-1.951
2001-04-27,-1.945
2001-05-04,-1.942
2001-05-11,-1.942
2001-05-18,-1.946
2001-05-25,-1.952
2001-06-01,-1.962
2001-06-08,-1.972
2001-06-15,-1.982
2001-06-22,-1.99
2001-06-29,-1.993
2001-07-06,-1.992
2001-07-13,-1.983
2001-07-20,-1.969
2001-07-27,-1.949
2001-08-03,-1.924
2001-08-10,-1.895
2001-08-17,-1.864
2001-08-24,-1.833
2001-08-31,-1.804
2001-09-07,-1.777
2001-09-14,-1.755
2001-09-21,-1.737
2001-09-28,-1.723
2001-10-05,-1.712
2001-10-12,-1.701
2001-10-19,-1.69
2001-10-26,-1.677
2001-11-02,-1.66
2001-11-09,-1.638
2001-11-16,-1.613
2001-11-23,-1.582
2001-11-30,-1.548
2001-12-07,-1.51
2001-12-14,-1.469
2001-12-21,-1.426
2001-12-28,-1.382
2002-01-04,-1.337
2002-01-11,-1.293
2002-01-18,-1.252
2002-01-25,-1.214
2002-02-01,-1.182
2002-02-08,-1.157
2002-02-15,-1.142
2002-02-22,-1.137
2002-03-01,-1.143
2002-03-08,-1.158
2002-03-15,-1.179
2002-03-22,-1.205
2002-03-29,-1.233
2002-04-05,-1.259
2002-04-12,-1.284
2002-04-19,-1.304
2002-04-26,-1.319
2002-05-03,-1.33
2002-05-10,-1.337
2002-05-17,-1.341
2002-05-24,-1.344
2002-05-31,-1.347
2002-06-07,-1.351
2002-06-14,-1.356
2002-06-21,-1.361
2002-06-28,-1.367
2002-07-05,-1.371
2002-07-12,-1.372
2002-07-19,-1.371
2002-07-26,-1.364
2002-08-02,-1.352
2002-08-09,-1.333
2002-08-16,-1.308
2002-08-23,-1.276
2002-08-30,-1.24
2002-09-06,-1.201
2002-09-13,-1.162
2002-09-20,-1.125
2002-09-27,-1.091
2002-10-04,-1.06
2002-10-11,-1.031
2002-10-18,-1.004
2002-10-25,-0.975
2002-11-01,-0.945
2002-11-08,-0.911
2002-11-15,-0.874
2002-11-22,-0.834
2002-11-29,-0.792
2002-12-06,-0.749
2002-12-13,-0.707
2002-12-20,-0.666
2002-12-27,-0.628
2003-01-03,-0.594
2003-01-10,-0.565
2003-01-17,-0.542
2003-01-24,-0.524
2003-01-31,-0.514
2003-02-07,-0.511
2003-02-14,-0.516
2003-02-21,-0.531
2003-02-28,-0.553
2003-03-07,-0.583
2003-03-14,-0.618
2003-03-21,-0.657
2003-03-28,-0.697
2003-04-04,-0.736
2003-04-11,-0.773
2003-04-18,-0.804
2003-04-25,-0.831
2003-05-02,-0.852
2003-05-09,-0.867
2003-05-16,-0.879
2003-05-23,-0.887
2003-05-30,-0.892
2003-06-06,-0.895
2003-06-13,-0.896
2003-06-20,-0.894
2003-06-27,-0.889
2003-07-04,-0.881
2003-07-11,-0.866
2003-07-18,-0.845
2003-07-25,-0.816
2003-08-01,-0.78
2003-08-08,-0.739
2003-08-15,-0.696
2003-08-22,-0.652
2003-08-29,-0.613
2003-09-05,-0.58
2003-09-12,-0.555
2003-09-19,-0.54
2003-09-26,-0.531
2003-10-03,-0.529
2003-10-10,-0.529
2003-10-17,-0.528
2003-10-24,-0.525
2003-10-31,-0.517
2003-11-07,-0.503
2003-11-14,-0.484
2003-11-21,-0.461
2003-11-28,-0.436
2003-12-05,-0.413
2003-12-12,-0.394
2003-12-19,-0.383
2003-12-26,-0.38
2004-01-02,-0.389
2004-01-09,-0.409
2004-01-16,-0.438
2004-01-23,-0.476
2004-01-30,-0.517
2004-02-06,-0.56
2004-02-13,-0.6
2004-02-20,-0.632
2004-02-27,-0.655
2004-03-05,-0.666
2004-03-12,-0.662
2004-03-19,-0.645
2004-03-26,-0.615
2004-04-02,-0.575
2004-04-09,-0.528
2004-04-16,-0.476
2004-04-23,-0.424
2004-04-30,-0.376
2004-05-07,-0.332
2004-05-14,-0.296
2004-05-21,-0.268
2004-05-28,-0.247
2004-06-04,-0.233
2004-06-11,-0.226
2004-06-18,-0.224
2004-06-25,-0.226
2004-07-02,-0.233
2004-07-09,-0.242
2004-07-16,-0.253
2004-07-23,-0.265
2004-07-30,-0.277
2004-08-06,-0.287
2004-08-13,-0.295
2004-08-20,-0.299
2004-08-27,-0.299
2004-09-03,-0.294
2004-09-10,-0.283
2004-09-17,-0.267
2004-09-24,-0.248
2004-10-01,-0.226
2004-10-08,-0.203
2004-10-15,-0.18
2004-10-22,-0.16
2004-10-29,-0.142
2004-11-05,-0.128
2004-11-12,-0.12
2004-11-19,-0.116
2004-11-26,-0.116
2004-12-03,-0.12
2004-12-10,-0.127
2004-12-17,-0.135
2004-12-24,-0.143
2004-12-31,-0.149
2005-01-07,-0.153
2005-01-14,-0.154
2005-01-21,-0.153
2005-01-28,-0.148
2005-02-04,-0.141
2005-02-11,-0.132
2005-02-18,-0.122
2005-02-25,-0.111
2005-03-04,-0.099
2005-03-11,-0.086
2005-03-18,-0.072
2005-03-25,-0.057
2005-04-01,-0.042
2005-04-08,-0.028
2005-04-15,-0.014
2005-04-22,-0.001
2005-04-29,0.012
2005-05-06,0.023
2005-05-13,0.035
2005-05-20,0.047
2005-05-27,0.059
2005-06-03,0.071
2005-06-10,0.085
2005-06-17,0.099
2005-06-24,0.114
2005-07-01,0.128
2005-07-08,0.143
2005-07-15,0.156
2005-07-22,0.167
2005-07-29,0.175
2005-08-05,0.18
2005-08-12,0.181
2005-08-19,0.176
2005-08-26,0.166
2005-09-02,0.149
2005-09-09,0.125
2005-09-16,0.092
2005-09-23,0.053
2005-09-30,0.006
2005-10-07,-0.048
2005-10-14,-0.105
2005-10-21,-0.164
2005-10-28,-0.221
2005-11-04,-0.272
2005-11-11,-0.317
2005-11-18,-0.35
2005-11-25,-0.373
2005-12-02,-0.384
2005-12-09,-0.384
2005-12-16,-0.374
2005-12-23,-0.357
2005-12-30,-0.337
2006-01-06,-0.315
2006-01-13,-0.296
2006-01-20,-0.283
2006-01-27,-0.277
2006-02-03,-0.28
2006-02-10,-0.291
2006-02-17,-0.308
2006-02-24,-0.33
2006-03-03,-0.354
2006-03-10,-0.38
2006-03-17,-0.404
2006-03-24,-0.427
2006-03-31,-0.447
2006-04-07,-0.464
2006-04-14,-0.479
2006-04-21,-0.492
2006-04-28,-0.504
2006-05-05,-0.513
2006-05-12,-0.519
2006-05-19,-0.523
2006-05-26,-0.524
2006-06-02,-0.521
2006-06-09,-0.516
2006-06-16,-0.507
2006-06-23,-0.496
2006-06-30,-0.484
2006-07-07,-0.473
2006-07-14,-0.464
2006-07-21,-0.459
2006-07-28,-0.457
2006-08-04,-0.46
2006-08-11,-0.467
2006-08-18,-0.476
2006-08-25,-0.486
2006-09-01,-0.496
2006-09-08,-0.504
2006-09-15,-0.509
2006-09-22,-0.511
2006-09-29,-0.508
2006-10-06,-0.502
2006-10-13,-0.493
2006-10-20,-0.483
2006-10-27,-0.473
2006-11-03,-0.462
2006-11-10,-0.452
2006-11-17,-0.441
2006-11-24,-0.43
2006-12-01,-0.419
2006-12-08,-0.406
2006-12-15,-0.393
2006-12-22,-0.378
2006-12-29,-0.364
2007-01-05,-0.35
2007-01-12,-0.34
2007-01-19,-0.333
2007-01-26,-0.33
2007-02-02,-0.331
2007-02-09,-0.334
2007-02-16,-0.339
2007-02-23,-0.342
2007-03-02,-0.342
2007-03-09,-0.34
2007-03-16,-0.332
2007-03-23,-0.32
2007-03-30,-0.304
2007-04-06,-0.285
2007-04-13,-0.264
2007-04-20,-0.242
2007-04-27,-0.219
2007-05-04,-0.195
2007-05-11,-0.169
2007-05-18,-0.138
2007-05-25,-0.101
2007-06-01,-0.056
2007-06-08,-0.003
2007-06-15,0.059
2007-06-22,0.13
2007-06-29,0.208
2007-07-06,0.292
2007-07-13,0.378
2007-07-20,0.464
2007-07-27,0.548
2007-08-03,0.629
2007-08-10,0.706
2007-08-17,0.781
2007-08-24,0.855
2007-08-31,0.928
2007-09-07,1.003
2007-09-14,1.08
2007-09-21,1.161
2007-09-28,1.245
2007-10-05,1.334
2007-10-12,1.428
2007-10-19,1.526
2007-10-26,1.624
2007-11-02,1.721
2007-11-09,1.812
2007-11-16,1.896
2007-11-23,1.969
2007-11-30,2.029
2007-12-07,2.075
2007-12-14,2.106
2007-12-21,2.122
2007-12-28,2.126
2008-01-04,2.119
2008-01-11,2.107
2008-01-18,2.093
2008-01-25,2.082
2008-02-01,2.077
2008-02-08,2.081
2008-02-15,2.093
2008-02-22,2.111
2008-02-29,2.133
2008-03-07,2.158
2008-03-14,2.181
2008-03-21,2.204
2008-03-28,2.229
2008-04-04,2.255
2008-04-11,2.287
2008-04-18,2.326
2008-04-25,2.374
2008-05-02,2.431
2008-05-09,2.497
2008-05-16,2.57
2008-05-23,2.646
2008-05-30,2.72
2008-06-06,2.788
2008-06-13,2.844
2008-06-20,2.885
2008-06-27,2.907
2008-07-04,2.909
2008-07-11,2.892
2008-07-18,2.854
2008-07-25,2.804
2008-08-01,2.743
2008-08-08,2.679
2008-08-15,2.615
2008-08-22,2.557
2008-08-29,2.509
2008-09-05,2.476
2008-09-12,2.463
2008-09-19,2.47
2008-09-26,2.5
2008-10-03,2.551
2008-10-10,2.619
2008-10-17,2.702
2008-10-24,2.794
2008-10-31,2.891
2008-11-07,2.988
2008-11-14,3.082
2008-11-21,3.17
2008-11-28,3.248
2008-12-05,3.322
2008-12-12,3.394
2008-12-19,3.465
2008-12-26,3.539
2009-01-02,3.615
2009-01-09,3.694
2009-01-16,3.77
2009-01-23,3.84
2009-01-30,3.894
2009-02-06,3.928
2009-02-13,3.934
2009-02-20,3.907
2009-02-27,3.842
2009-03-06,3.741
2009-03-13,3.602
2009-03-20,3.434
2009-03-27,3.243
2009-04-03,3.036
2009-04-10,2.824
2009-04-17,2.615
2009-04-24,2.416
2009-05-01,2.232
2009-05-08,2.066
2009-05-15,1.922
2009-05-22,1.798
2009-05-29,1.692
2009-06-05,1.601
2009-06-12,1.521
2009-06-19,1.448
2009-06-26,1.378
2009-07-03,1.308
2009-07-10,1.235
2009-07-17,1.159
2009-07-24,1.08
2009-07-31,1.0
2009-08-07,0.92
2009-08-14,0.845
2009-08-21,0.777
2009-08-28,0.717
2009-09-04,0.668
2009-09-11,0.629
2009-09-18,0.602
2009-09-25,0.585
2009-10-02,0.578
2009-10-09,0.58
2009-10-16,0.588
2009-10-23,0.6
2009-10-30,0.614
2009-11-06,0.629
2009-11-13,0.643
2009-11-20,0.654
2009-11-27,0.662
2009-12-04,0.666
2009-12-11,0.667
2009-12-18,0.663
2009-12-25,0.655
2010-01-01,0.643
2010-01-08,0.624
2010-01-15,0.599
2010-01-22,0.568
2010-01-29,0.529
2010-02-05,0.482
2010-02-12,0.429
2010-02-19,0.37
2010-02-26,0.307
2010-03-05,0.243
2010-03-12,0.181
2010-03-19,0.124
2010-03-26,0.076
2010-04-02,0.037
2010-04-09,0.01
2010-04-16,-0.006
2010-04-23,-0.011
2010-04-30,-0.008
2010-05-07,0.002
2010-05-14,0.014
2010-05-21,0.028
2010-05-28,0.039
2010-06-04,0.047
2010-06-11,0.051
2010-06-18,0.051
2010-06-25,0.046
2010-07-02,0.038
2010-07-09,0.027
2010-07-16,0.015
2010-07-23,0.003
2010-07-30,-0.009
2010-08-06,-0.021
2010-08-13,-0.03
2010-08-20,-0.037
2010-08-27,-0.041
2010-09-03,-0.041
2010-09-10,-0.036
2010-09-17,-0.027
2010-09-24,-0.012
2010-10-01,0.007
2010-10-08,0.028
2010-10-15,0.05
2010-10-22,0.071
2010-10-29,0.09
2010-11-05,0.103
2010-11-12,0.111
2010-11-19,0.111
2010-11-26,0.105
2010-12-03,0.091
2010-12-10,0.071
2010-12-17,0.047
2010-12-24,0.02
2010-12-31,-0.007
2011-01-07,-0.034
2011-01-14,-0.058
2011-01-21,-0.078
2011-01-28,-0.094
2011-02-04,-0.105
2011-02-11,-0.111
2011-02-18,-0.111
2011-02-25,-0.106
2011-03-04,-0.095
2011-03-11,-0.08
2011-03-18,-0.062
2011-03-25,-0.039
2011-04-01,-0.015
2011-04-08,0.011
2011-04-15,0.036
2011-04-22,0.06
2011-04-29,0.082
2011-05-06,0.101
2011-05-13,0.118
2011-05-20,0.133
2011-05-27,0.148
2011-06-03,0.165
2011-06-10,0.186
2011-06-17,0.214
2011-06-24,0.252
2011-07-01,0.3
2011-07-08,0.36
2011-07-15,0.431
2011-07-22,0.512
2011-07-29,0.6
2011-08-05,0.692
2011-08-12,0.783
2011-08-19,0.868
2011-08-26,0.944
2011-09-02,1.007
2011-09-09,1.053
2011-09-16,1.082
2011-09-23,1.094
2011-09-30,1.089
2011-10-07,1.068
2011-10-14,1.032
2011-10-21,0.986
2011-10-28,0.931
2011-11-04,0.872
2011-11-11,0.81
2011-11-18,0.747
2011-11-25,0.686
2011-12-02,0.626
2011-12-09,0.569
2011-12-16,0.513
2011-12-23,0.46
2011-12-30,0.409
2012-01-06,0.36
2012-01-13,0.314
2012-01-20,0.271
2012-01-27,0.232
2012-02-03,0.198
2012-02-10,0.169
2012-02-17,0.146
2012-02-24,0.128
2012-03-02,0.116
2012-03-09,0.111
2012-03-16,0.112
2012-03-23,0.118
2012-03-30,0.131
2012-04-06,0.148
2012-04-13,0.169
2012-04-20,0.191
2012-04-27,0.214
2012-05-04,0.236
2012-05-11,0.255
2012-05-18,0.269
2012-05-25,0.278
2012-06-01,0.281
2012-06-08,0.279
2012-06-15,0.272
2012-06-22,0.263
2012-06-29,0.251
2012-07-06,0.239
2012-07-13,0.227
2012-07-20,0.216
2012-07-27,0.207
2012-08-03,0.199
2012-08-10,0.192
2012-08-17,0.185
2012-08-24,0.178
2012-08-31,0.169
2012-09-07,0.159
2012-09-14,0.147
2012-09-21,0.133
2012-09-28,0.115
2012-10-05,0.094
2012-10-12,0.07
2012-10-19,0.044
2012-10-26,0.015
2012-11-02,-0.016
2012-11-09,-0.05
2012-11-16,-0.085
2012-11-23,-0.122
2012-11-30,-0.16
2012-12-07,-0.199
2012-12-14,-0.236
2012-12-21,-0.272
2012-12-28,-0.305
2013-01-04,-0.333
2013-01-11,-0.356
2013-01-18,-0.373
2013-01-25,-0.385
2013-02-01,-0.392
2013-02-08,-0.394
2013-02-15,-0.394
2013-02-22,-0.392
2013-03-01,-0.389
2013-03-08,-0.386
2013-03-15,-0.383
2013-03-22,-0.381
2013-03-29,-0.379
2013-04-05,-0.379
2013-04-12,-0.381
2013-04-19,-0.386
2013-04-26,-0.394
2013-05-03,-0.406
2013-05-10,-0.423
2013-05-17,-0.446
2013-05-24,-0.474
2013-05-31,-0.507
2013-06-07,-0.544
2013-06-14,-0.584
2013-06-21,-0.625
2013-06-28,-0.666
2013-07-05,-0.704
2013-07-12,-0.738
2013-07-19,-0.764
2013-07-26,-0.784
2013-08-02,-0.794
2013-08-09,-0.795
2013-08-16,-0.787
2013-08-23,-0.77
2013-08-30,-0.744
2013-09-06,-0.711
2013-09-13,-0.673
2013-09-20,-0.631
2013-09-27,-0.587
2013-10-04,-0.545
2013-10-11,-0.505
2013-10-18,-0.469
2013-10-25,-0.437
2013-11-01,-0.411
2013-11-08,-0.39
2013-11-15,-0.373
2013-11-22,-0.36
2013-11-29,-0.35
2013-12-06,-0.341
2013-12-13,-0.331
2013-12-20,-0.321
2013-12-27,-0.309
2014-01-03,-0.295
2014-01-10,-0.28
2014-01-17,-0.264
2014-01-24,-0.248
2014-01-31,-0.233
2014-02-07,-0.221
2014-02-14,-0.214
2014-02-21,-0.212
2014-02-28,-0.216
2014-03-07,-0.226
2014-03-14,-0.241
2014-03-21,-0.262
2014-03-28,-0.285
2014-04-04,-0.31
2014-04-11,-0.335
2014-04-18,-0.358
2014-04-25,-0.378
2014-05-02,-0.394
2014-05-09,-0.405
2014-05-16,-0.409
2014-05-23,-0.406
2014-05-30,-0.396
2014-06-06,-0.38
2014-06-13,-0.357
2014-06-20,-0.33
2014-06-27,-0.301
2014-07-04,-0.271
2014-07-11,-0.245
2014-07-18,-0.224
2014-07-25,-0.21
2014-08-01,-0.202
2014-08-08,-0.202
2014-08-15,-0.209
2014-08-22,-0.219
2014-08-29,-0.232
2014-09-05,-0.245
2014-09-12,-0.255
2014-09-19,-0.261
2014-09-26,-0.261
2014-10-03,-0.256
2014-10-10,-0.246
2014-10-17,-0.233
2014-10-24,-0.218
2014-10-31,-0.203
2014-11-07,-0.191
2014-11-14,-0.18
2014-11-21,-0.173
2014-11-28,-0.171
2014-12-05,-0.173
2014-12-12,-0.178
2014-12-19,-0.188
2014-12-26,-0.2
2015-01-02,-0.215
2015-01-09,-0.232
2015-01-16,-0.251
2015-01-23,-0.269
2015-01-30,-0.287
2015-02-06,-0.302
2015-02-13,-0.314
2015-02-20,-0.321
2015-02-27,-0.323
2015-03-06,-0.319
2015-03-13,-0.312
2015-03-20,-0.301
2015-03-27,-0.287
2015-04-03,-0.272
2015-04-10,-0.257
2015-04-17,-0.243
2015-04-24,-0.232
2015-05-01,-0.225
2015-05-08,-0.222
2015-05-15,-0.222
2015-05-22,-0.226
2015-05-29,-0.233
2015-06-05,-0.24
2015-06-12,-0.246
2015-06-19,-0.25
2015-06-26,-0.249
2015-07-03,-0.243
2015-07-10,-0.229
2015-07-17,-0.208
2015-07-24,-0.179
2015-07-31,-0.143
2015-08-07,-0.102
2015-08-14,-0.058
2015-08-21,-0.014
2015-08-28,0.027
2015-09-04,0.062
2015-09-11,0.088
2015-09-18,0.105
2015-09-25,0.111
2015-10-02,0.107
2015-10-09,0.094
2015-10-16,0.073
2015-10-23,0.046
2015-10-30,0.015
2015-11-06,-0.016
2015-11-13,-0.047
2015-11-20,-0.074
2015-11-27,-0.096
2015-12-04,-0.11
2015-12-11,-0.114
2015-12-18,-0.109
2015-12-25,-0.096
2016-01-01,-0.075
2016-01-08,-0.048
2016-01-15,-0.017
2016-01-22,0.014
2016-01-29,0.045
2016-02-05,0.072
2016-02-12,0.096
2016-02-19,0.115
2016-02-26,0.128
2016-03-04,0.135
2016-03-11,0.137
2016-03-18,0.132
2016-03-25,0.122
2016-04-01,0.108
2016-04-08,0.089
2016-04-15,0.068
2016-04-22,0.048
2016-04-29,0.029
2016-05-06,0.015
2016-05-13,0.006
2016-05-20,0.005
2016-05-27,0.01
2016-06-03,0.022
2016-06-10,0.038
2016-06-17,0.056
2016-06-24,0.075
2016-07-01,0.092
2016-07-08,0.106
2016-07-15,0.115
2016-07-22,0.118
2016-07-29,0.116
2016-08-05,0.108
2016-08-12,0.095
2016-08-19,0.077
2016-08-26,0.055
2016-09-02,0.029
2016-09-09,-0.001
2016-09-16,-0.035
2016-09-23,-0.075
2016-09-30,-0.121
2016-10-07,-0.174
2016-10-14,-0.235
2016-10-21,-0.302
2016-10-28,-0.376
2016-11-04,-0.452
2016-11-11,-0.53
2016-11-18,-0.605
2016-11-25,-0.674
2016-12-02,-0.734
2016-12-09,-0.782
2016-12-16,-0.818
2016-12-23,-0.84
2016-12-30,-0.85
2017-01-06,-0.848
2017-01-13,-0.836
2017-01-20,-0.816
2017-01-27,-0.791
2017-02-03,-0.76
2017-02-10,-0.727
2017-02-17,-0.692
2017-02-24,-0.656
2017-03-03,-0.62
2017-03-10,-0.585
2017-03-17,-0.55
2017-03-24,-0.517
2017-03-31,-0.486
2017-04-07,-0.458
2017-04-14,-0.434
2017-04-21,-0.414
2017-04-28,-0.4
2017-05-05,-0.39
2017-05-12,-0.385
2017-05-19,-0.383
2017-05-26,-0.385
2017-06-02,-0.389
2017-06-09,-0.395
2017-06-16,-0.4
2017-06-23,-0.404
2017-06-30,-0.405
2017-07-07,-0.405
2017-07-14,-0.401
2017-07-21,-0.395
2017-07-28,-0.388
2017-08-04,-0.38
2017-08-11,-0.372
2017-08-18,-0.366
2017-08-25,-0.362
2017-09-01,-0.362
2017-09-08,-0.366
2017-09-15,-0.375
2017-09-22,-0.387
2017-09-29,-0.404
2017-10-06,-0.423
2017-10-13,-0.443
2017-10-20,-0.465
2017-10-27,-0.486
2017-11-03,-0.506
2017-11-10,-0.523
2017-11-17,-0.538
2017-11-24,-0.55
2017-12-01,-0.559
2017-12-08,-0.564
2017-12-15,-0.567
2017-12-22,-0.568
2017-12-29,-0.567
2018-01-05,-0.568
2018-01-12,-0.571
2018-01-19,-0.576
2018-01-26,-0.587
2018-02-02,-0.602
2018-02-09,-0.622
2018-02-16,-0.645
2018-02-23,-0.671
2018-03-02,-0.697
2018-03-09,-0.72
2018-03-16,-0.739
2018-03-23,-0.752
2018-03-30,-0.755
2018-04-06,-0.748
2018-04-13,-0.73
2018-04-20,-0.7
2018-04-27,-0.658
2018-05-04,-0.604
2018-05-11,-0.541
2018-05-18,-0.471
2018-05-25,-0.397
2018-06-01,-0.322
2018-06-08,-0.252
2018-06-15,-0.187
2018-06-22,-0.13
2018-06-29,-0.082
2018-07-06,-0.042
2018-07-13,-0.011
2018-07-20,0.015
2018-07-27,0.038
2018-08-03,0.058
2018-08-10,0.079
2018-08-17,0.101
2018-08-24,0.124
2018-08-31,0.149
2018-09-07,0.175
2018-09-14,0.201
2018-09-21,0.226
2018-09-28,0.249
2018-10-05,0.269
2018-10-12,0.286
2018-10-19,0.301
2018-10-26,0.312
2018-11-02,0.321
2018-11-09,0.327
2018-11-16,0.331
2018-11-23,0.331
2018-11-30,0.327
2018-12-07,0.318
2018-12-14,0.302
2018-12-21,0.278
2018-12-28,0.248
2019-01-04,0.21
2019-01-11,0.169
2019-01-18,0.125
2019-01-25,0.081
2019-02-01,0.039
2019-02-08,0.001
2019-02-15,-0.033
2019-02-22,-0.063
2019-03-01,-0.088
2019-03-08,-0.108
2019-03-15,-0.124
2019-03-22,-0.137
2019-03-29,-0.147
2019-04-05,-0.153
2019-04-12,-0.155
2019-04-19,-0.154
2019-04-26,-0.151
2019-05-03,-0.144
2019-05-10,-0.134
2019-05-17,-0.123
2019-05-24,-0.111
2019-05-31,-0.099
2019-06-07,-0.086
2019-06-14,-0.074
2019-06-21,-0.061
2019-06-28,-0.049
2019-07-05,-0.036
2019-07-12,-0.024
2019-07-19,-0.01
2019-07-26,0.003
2019-08-02,0.018
2019-08-09,0.032
2019-08-16,0.045
2019-08-23,0.057
2019-08-30,0.066
2019-09-06,0.074
2019-09-13,0.078
2019-09-20,0.079
2019-09-27,0.077
2019-10-04,0.073
2019-10-11,0.067
2019-10-18,0.06
2019-10-25,0.055
2019-11-01,0.052
2019-11-08,0.052
2019-11-15,0.057
2019-11-22,0.066
2019-11-29,0.081
2019-12-06,0.1
2019-12-13,0.123
2019-12-20,0.15
2019-12-27,0.18
2020-01-03,0.215
2020-01-10,0.253
2020-01-17,0.297
2020-01-24,0.346
2020-01-31,0.402
2020-02-07,0.465
2020-02-14,0.535
2020-02-21,0.61
2020-02-28,0.687
2020-03-06,0.762
2020-03-13,0.829
2020-03-20,0.886
2020-03-27,0.927
2020-04-03,0.952
2020-04-10,0.959
2020-04-17,0.949
2020-04-24,0.921
2020-05-01,0.878
2020-05-08,0.822
2020-05-15,0.754
2020-05-22,0.68
2020-05-29,0.601
2020-06-05,0.524
2020-06-12,0.452
2020-06-19,0.388
2020-06-26,0.337
2020-07-03,0.299
2020-07-10,0.275
2020-07-17,0.266
2020-07-24,0.269
2020-07-31,0.283
2020-08-07,0.305
2020-08-14,0.334
2020-08-21,0.366
2020-08-28,0.4
2020-09-04,0.434
2020-09-11,0.466
2020-09-18,0.496
2020-09-25,0.522
2020-10-02,0.541
2020-10-09,0.553
2020-10-16,0.556
2020-10-23,0.55
2020-10-30,0.535
2020-11-06,0.511
2020-11-13,0.479
2020-11-20,0.441
2020-11-27,0.399
2020-12-04,0.355
2020-12-11,0.309
2020-12-18,0.264
2020-12-25,0.217
2021-01-01,0.169
2021-01-08,0.118
2021-01-15,0.062
2021-01-22,0.002
2021-01-29,-0.066
2021-02-05,-0.139
2021-02-12,-0.217
2021-02-19,-0.297
2021-02-26,-0.374
2021-03-05,-0.446
2021-03-12,-0.509
2021-03-19,-0.559
2021-03-26,-0.597
2021-04-02,-0.621
2021-04-09,-0.634
2021-04-16,-0.637
2021-04-23,-0.633
2021-04-30,-0.624
2021-05-07,-0.611
2021-05-14,-0.593
2021-05-21,-0.572
2021-05-28,-0.546
2021-06-04,-0.516
2021-06-11,-0.48
2021-06-18,-0.438
2021-06-25,-0.393
2021-07-02,-0.346
2021-07-09,-0.298
2021-07-16,-0.253
2021-07-23,-0.214
2021-07-30,-0.182
2021-08-06,-0.161
2021-08-13,-0.15
2021-08-20,-0.151
2021-08-27,-0.164
2021-09-03,-0.186
2021-09-10,-0.218
2021-09-17,-0.255
2021-09-24,-0.296
2021-10-01,-0.336
2021-10-08,-0.372
2021-10-15,-0.401
2021-10-22,-0.42
2021-10-29,-0.429
2021-11-05,-0.428
2021-11-12,-0.42
2021-11-19,-0.406
2021-11-26,-0.39
2021-12-03,-0.375
2021-12-10,-0.363
2021-12-17,-0.356
2021-12-24,-0.357
2021-12-31,-0.364
2022-01-07,-0.38
2022-01-14,-0.403
2022-01-21,-0.43
2022-01-28,-0.462
2022-02-04,-0.495
2022-02-11,-0.527
2022-02-18,-0.556
2022-02-25,-0.58
2022-03-04,-0.596
2022-03-11,-0.604
2022-03-18,-0.602
2022-03-25,-0.588
2022-04-01,-0.563
2022-04-08,-0.526
2022-04-15,-0.478
2022-04-22,-0.421
2022-04-29,-0.356
2022-05-06,-0.287
2022-05-13,-0.215
2022-05-20,-0.145
2022-05-27,-0.078
2022-06-03,-0.017
2022-06-10,0.037
2022-06-17,0.081
2022-06-24,0.115
2022-07-01,0.137
2022-07-08,0.147
2022-07-15,0.147
2022-07-22,0.139
2022-07-29,0.123
2022-08-05,0.104
2022-08-12,0.082
2022-08-19,0.062
2022-08-26,0.043
2022-09-02,0.027
2022-09-09,0.014
2022-09-16,0.002
2022-09-23,-0.008
2022-09-30,-0.018
2022-10-07,-0.029
2022-10-14,-0.042
2022-10-21,-0.056
2022-10-28,-0.073
2022-11-04,-0.093
2022-11-11,-0.114
2022-11-18,-0.138
2022-11-25,-0.164
2022-12-02,-0.193
2022-12-09,-0.225
2022-12-16,-0.26
2022-12-23,-0.297
2022-12-30,-0.336
2023-01-06,-0.372
2023-01-13,-0.404
2023-01-20,-0.428
2023-01-27,-0.442
2023-02-03,-0.442
2023-02-10,-0.427
2023-02-17,-0.396
2023-02-24,-0.347
2023-03-03,-0.282
2023-03-10,-0.201
2023-03-17,-0.105
2023-03-24,0.001
2023-03-31,0.116
2023-04-07,0.24
2023-04-14,0.368
2023-04-21,0.499
2023-04-28,0.63
2023-05-05,0.756
2023-05-12,0.872
2023-05-19,0.973
2023-05-26,1.054
2023-06-02,1.113
2023-06-09,1.145
2023-06-16,1.148
2023-06-23,1.124
2023-06-30,1.072
2023-07-07,0.995
2023-07-14,0.898
2023-07-21,0.787
2023-07-28,0.667
2023-08-04,0.545
2023-08-11,0.431
2023-08-18,0.328
2023-08-25,0.241
2023-09-01,0.172
2023-09-08,0.121
2023-09-15,0.088
2023-09-22,0.07
2023-09-29,0.064
2023-10-06,0.067
2023-10-13,0.075
2023-10-20,0.084
2023-10-27,0.094
2023-11-03,0.1
2023-11-10,0.104
2023-11-17,0.104
2023-11-24,0.1
2023-12-01,0.09
2023-12-08,0.077
2023-12-15,0.06
2023-12-22,0.04
2023-12-29,0.019
2024-01-05,-0.003
2024-01-12,-0.024
2024-01-19,-0.043
2024-01-26,-0.06
2024-02-02,-0.074
2024-02-09,-0.086
2024-02-16,-0.096
2024-02-23,-0.105
2024-03-01,-0.114
2024-03-08,-0.123
2024-03-15,-0.133
2024-03-22,-0.145
2024-03-29,-0.157
2024-04-05,-0.171
2024-04-12,-0.183
2024-04-19,-0.194
2024-04-26,-0.202
2024-05-03,-0.204
2024-05-10,-0.201
2024-05-17,-0.192
2024-05-24,-0.177
2024-05-31,-0.156
2024-06-07,-0.134
2024-06-14,-0.111
2024-06-21,-0.091
2024-06-28,-0.077
2024-07-05,-0.07
2024-07-12,-0.071
2024-07-19,-0.081
2024-07-26,-0.098
2024-08-02,-0.122
2024-08-09,-0.151
2024-08-16,-0.184
2024-08-23,-0.218
2024-08-30,-0.251
2024-09-06,-0.281
2024-09-13,-0.306
2024-09-20,-0.325
2024-09-27,-0.337
2024-10-04,-0.341
2024-10-11,-0.338
2024-10-18,-0.328
2024-10-25,-0.311
2024-11-01,-0.291
2024-11-08,-0.27
2024-11-15,-0.249
2024-11-22,-0.233
2024-11-29,-0.222
2024-12-06,-0.22
2024-12-13,-0.226
2024-12-20,-0.242
2024-12-27,-0.266
2025-01-03,-0.297
2025-01-10,-0.332
2025-01-17,-0.368
2025-01-24,-0.402
2025-01-31,-0.432
2025-02-07,-0.455
2025-02-14,-0.471
2025-02-21,-0.479
2025-02-28,-0.48
2025-03-07,-0.474
2025-03-14,-0.464
2025-03-21,-0.452
2025-03-28,-0.44
2025-04-04,-0.429
2025-04-11,-0.422
2025-04-18,-0.42
2025-04-25,-0.423
2025-05-02,-0.431
2025-05-09,-0.444
2025-05-16,-0.459
2025-05-23,-0.477
2025-05-30,-0.496
2025-06-06,-0.514
2025-06-13,-0.53
2025-06-20,-0.544
2025-06-27,-0.553
2025-07-04,-0.559
2025-07-11,-0.559
2025-07-18,-0.553
2025-07-25,-0.543
2025-08-01,-0.529
2025-08-08,-0.511
2025-08-15,-0.491
2025-08-22,-0.47
2025-08-29,-0.447
2025-09-05,-0.422
2025-09-12,-0.394
2025-09-19,-0.365
2025-09-26,-0.333
2025-10-03,-0.299
2025-10-10,-0.265
2025-10-17,-0.23
2025-10-24,-0.198
2025-10-31,-0.169
2025-11-07,-0.143
2025-11-14,-0.123
2025-11-21,-0.109
2025-11-28,-0.099
2025-12-05,-0.093
2025-12-12,-0.09
2025-12-19,-0.089
2025-12-26,-0.087
2026-01-02,-0.084
2026-01-09,-0.079
2026-01-16,-0.072
2026-01-23,-0.064
2026-01-30,-0.054
2026-02-06,-0.043
2026-02-13,-0.03
2026-02-20,-0.017
2026-02-27,-0.002
2026-03-06,0.014
2026-03-13,0.031
2026-03-20,0.05
2026-03-27,0.071
2026-04-03,0.093
2026-04-10,0.114
2026-04-17,0.135
2026-04-24,0.153
